DIANAPPS — REDDIT ADS PLAN,,,,,
,,,,,
ACCOUNT SETUP,,,,,
Business Name,DianApps Technologies,,,,
Country,Australia,,,,
Currency,AUD,,,,
Campaign Objective,Conversions,,,,
Total Daily Budget,AUD $20/day,,,,
Total Monthly Budget,AUD $600/month,,,,
Landing Page,https://dianapps.com/technology-partner-australia,,,,
,,,,,
==========,,,,,
,,,,,
STEP 1: INSTALL REDDIT PIXEL,,,,,
,,,,,
Action,Where,Event Name,Trigger,Priority,
Install Reddit Pixel base code,Landing page header,PageVisit,Page load,Required,
Add Lead event,Thank-you page,Lead,Form submission redirect,Required,
Add PhoneClick event,Landing page,Custom: PhoneClick,Click on tel: link,Optional,
Verify pixel fires,Reddit Events Manager,—,Test all events,Required,
,,,,,
==========,,,,,
,,,,,
CAMPAIGN: DianApps-AU-Reddit,,,,,
Objective: Conversions,,,,,
Location: Australia,,,,,
Schedule: Ongoing,,,,,
,,,,,
--- AD GROUP 1: AppDev-Founders ---,,,,,
Budget: AUD $10/day,,,,,
Age: 25-54,,,,,
Device: All,,,,,
,,,,,
SUBREDDIT TARGETING,,,,,
Subreddit,Members,Audience Type,,,
r/startups,1.2M+,Founders needing dev teams,,,
r/SaaS,150K+,SaaS founders building products,,,
r/webdev,2.5M+,Developers & tech leads,,,
r/reactjs,400K+,React developers,,,
r/node,200K+,Backend developers,,,
r/Entrepreneur,3M+,Business owners needing tech,,,
r/smallbusiness,1M+,SMBs looking for solutions,,,
,,,,,
INTEREST TARGETING,,,,,
Technology,,,,,
Software Development,,,,,
Entrepreneurship,,,,,
Mobile Apps,,,,,
Web Development,,,,,
,,,,,
AD 1: Cost Breakdown,,,,,
Headline,"what app development actually costs in 2026 — from a team that's built 350+ of them",,,,
Body,"we've been building apps for 8+ years and the most common question we get is about cost and timeline. here's the honest answer — a simple mvp runs $15-30k in 6-8 weeks. mid-level app with payments and integrations is $30-80k in 3-4 months. the biggest cost killer isn't the tech — it's changing scope mid-build. we work with startups and enterprises across australia, usa and uae. if you're planning a build and want a straight answer on cost and timeline — we do free 30-min consultations. no pitch, just honest numbers.",,,,
CTA,Learn More,,,,
URL,https://dianapps.com/technology-partner-australia,,,,
,,,,,
AD 2: MVP Focus,,,,,
Headline,"we've helped 50+ companies build their mvp. here's what we learned about shipping fast",,,,
Body,"after building 350+ apps we've noticed a pattern — founders who ship fast focus on one core feature and validate with 10 users before building anything else. founders who fail try to build everything from their roadmap into v1. we build mvps in 6-8 weeks using flutter and react native. our teams are in sydney and work across AU timezones. if you're stuck choosing tech stack or need a realistic timeline and budget — happy to chat. free consultation, no strings.",,,,
CTA,Get Free Estimate,,,,
URL,https://dianapps.com/technology-partner-australia,,,,
,,,,,
AD 3: Hiring Alternative,,,,,
Headline,"hiring developers in australia is expensive and slow. there's a better way.",,,,
Body,"the talent shortage in AU is real. hiring a senior dev takes 4-6 months and costs $150-180k. we deploy production-ready dev teams in 7 days at 40% less cost. not freelancers — full teams with project managers, designers and engineers. we've done this for 50+ companies including projects for uber eats, caratlane and freshworks. if you need devs fast without the hiring headache — book a free call with our team.",,,,
CTA,Learn More,,,,
URL,https://dianapps.com/technology-partner-australia,,,,
,,,,,
==========,,,,,
,,,,,
--- AD GROUP 2: AI-TechLeaders ---,,,,,
Budget: AUD $10/day,,,,,
Age: 25-54,,,,,
Device: All,,,,,
,,,,,
SUBREDDIT TARGETING,,,,,
Subreddit,Members,Audience Type,,,
r/artificial,1.5M+,AI decision makers,,,
r/MachineLearning,3M+,ML engineers & leaders,,,
r/ChatGPT,5M+,AI adopters & buyers,,,
r/LocalLLaMA,500K+,LLM builders needing help,,,
r/langchain,100K+,RAG & AI agent builders,,,
r/devops,350K+,Engineering leaders,,,
r/ITManagers,50K+,IT decision makers,,,
,,,,,
INTEREST TARGETING,,,,,
Artificial Intelligence,,,,,
Machine Learning,,,,,
Data Science,,,,,
Automation,,,,,
Cloud Computing,,,,,
,,,,,
AD 1: AI Production,,,,,
Headline,"53% of AI projects never make it to production. we fix that.",,,,
Body,"we've worked on 20+ ai projects that went from proof of concept to live production. the pattern is always the same — building the model is easy, integrating it into your actual erp/crm/database is where things die. most teams build the model first and think about integration later. we do it the opposite way. pipeline and integration architecture first, model second. works every time. if you have an ai pilot stuck in a jupyter notebook and need it live in production — thats literally what we do. free assessment call, no sales pitch.",,,,
CTA,Learn More,,,,
URL,https://dianapps.com/technology-partner-australia,,,,
,,,,,
AD 2: AI Agents & Chatbots,,,,,
Headline,"we build ai agents, chatbots and automation systems that actually work in production",,,,
Body,"not demos. not prototypes. production systems that handle real users and real data. we've built custom ai chatbots that reduced support costs by 60%, workflow automation that saved teams 20+ hours per week, and rag implementations that actually give accurate answers. our ai team covers generative ai, llm integration, computer vision, nlp and agentic ai. based in australia with teams ready to start in 7 days. if you're exploring ai for your business — book a free 30-min assessment. we'll tell you honestly if ai is the right solution or if you're overcomplicating it.",,,,
CTA,Get Free Assessment,,,,
URL,https://dianapps.com/technology-partner-australia,,,,
,,,,,
AD 3: RAG & LLM,,,,,
Headline,"rag implementation, ai agents, llm integration — built and deployed in 90 days",,,,
Body,"if you're past the 'should we use ai' stage and need someone to actually build it — thats us. we specialize in taking ai from concept to production. recent projects include rag systems for enterprise document search, ai agents for customer support automation, and llm integration into existing crm platforms. we don't do ai strategy decks. we write code and deploy. 350+ projects delivered, 4.8/5 on clutch. free technical assessment — we'll review your use case and give you an honest timeline and cost estimate.",,,,
CTA,Learn More,,,,
URL,https://dianapps.com/technology-partner-australia,,,,
,,,,,
==========,,,,,
,,,,,
NEGATIVE TARGETING (Exclude These Subreddits),,,,,
Subreddit,Reason,,,,
r/learnprogramming,Students not buyers,,,,
r/cscareerquestions,Job seekers,,,,
r/jobs,Job seekers,,,,
r/resumes,Job seekers,,,,
r/careeradvice,Job seekers,,,,
r/freelance,Freelancers not buyers,,,,
r/slavelabour,Low budget seekers,,,,
,,,,,
==========,,,,,
,,,,,
EXPECTED RESULTS (Month 1),,,,,
,,,,,
Metric,Ad Group 1 (AppDev),Ad Group 2 (AI),Total,,
Budget,AUD $300,AUD $300,AUD $600,,
Impressions,30000-50000,25000-40000,55000-90000,,
Clicks,100-200,80-150,180-350,,
CPC,AUD $1.50-3.00,AUD $2.00-3.50,AUD $1.70-3.20,,
CTR,0.3-0.5%,0.3-0.5%,0.3-0.5%,,
Leads,3-6,2-5,5-11,,
CPL,AUD $50-100,AUD $60-120,AUD $55-110,,
,,,,,
==========,,,,,
,,,,,
COMBINED STRATEGY (Google Ads + Reddit Ads),,,,,
,,,,,
Channel,Monthly Budget,Expected Leads,CPL,Lead Type,
Google Ads,AUD $1110,8-12,AUD $190-280,High intent — searching to buy,
Reddit Ads,AUD $600,5-11,AUD $55-110,Mid intent — interested exploring,
Total,AUD $1710,13-23,AUD $75-130,Blended,
,,,,,
==========,,,,,
,,,,,
LAUNCH TIMELINE,,,,,
,,,,,
Week,Action,Status,,,
Week 1,Install Reddit Pixel on landing page,Do now,,,
Week 1,Create campaign structure in ads.reddit.com,Do now,,,
Week 1,Upload all 6 ads,Do now,,,
Week 2,Continue posting organic comments on Reddit,Ongoing,,,
Week 2,Verify pixel fires using Reddit Events Manager,Required,,,
Week 3,Launch ads — enable both ad groups,Launch day,,,
Week 3,Check daily: impressions clicks CTR,Daily,,,
Week 4,Kill worst ad in each group — scale winner,Optimize,,,
,,,,,
==========,,,,,
,,,,,
OPTIMIZATION RULES,,,,,
,,,,,
Condition,Action,,,,
Ad CTR below 0.2% after 5000 impressions,Pause that ad,,,,
Subreddit CPC above AUD $5,Remove that subreddit from targeting,,,,
One ad has 2x CTR of others,Increase visibility and create similar variants,,,,
No leads after 7 days,Change ad copy — make offer more specific,,,,
CPC below AUD $2 on a subreddit,Increase bid on that subreddit,,,,
,,,,,
==========,,,,,
,,,,,
AD COPY RULES (Reddit-Specific),,,,,
,,,,,
Do,Don't,,,,
Write like a person talking,Use corporate language,,,,
Lowercase is fine,Perfect grammar looks like AI,,,,
Share specific numbers casually,"Use AWARD-WINNING or LEADING",,,,
"Offer free value (consult, audit)","Hard sell (BUY NOW, LIMITED OFFER)",,,,
Acknowledge problems honestly,Claim you're the best,,,,
Keep body text under 150 words,Write essays,,,,
